role,source_file,optimized_file,size_bytes,size_kb,alt,final_url,status,notes
expert,/Users/ritaterekh/Documents/barnes-assets/karluu/expert-ekaterina.jpg,,304825,297.7,,https://daniilterekh-prog.github.io/barnes-assets/karluu/expert-ekaterina.jpg,final_url_ready,mime=image/jpeg
icon,/Users/ritaterekh/Documents/barnes-assets/karluu/favicons/apple-touch-icon.png,,12049,11.8,,https://daniilterekh-prog.github.io/barnes-assets/karluu/apple-touch-icon.png,final_url_ready,mime=image/png
icon,/Users/ritaterekh/Documents/barnes-assets/karluu/favicons/favicon-16x16.png,,460,0.4,,https://daniilterekh-prog.github.io/barnes-assets/karluu/favicon-16x16.png,final_url_ready,mime=image/png
icon,/Users/ritaterekh/Documents/barnes-assets/karluu/favicons/favicon-32x32.png,,1124,1.1,,https://daniilterekh-prog.github.io/barnes-assets/karluu/favicon-32x32.png,final_url_ready,mime=image/png
icon,/Users/ritaterekh/Documents/barnes-assets/karluu/favicons/favicon-48x48.png,,1951,1.9,,https://daniilterekh-prog.github.io/barnes-assets/karluu/favicon-48x48.png,final_url_ready,mime=image/png
icon,/Users/ritaterekh/Documents/barnes-assets/karluu/favicons/favicon.svg,,365,0.4,,https://daniilterekh-prog.github.io/barnes-assets/karluu/favicon.svg,final_url_ready,mime=image/svg+xml
icon,/Users/ritaterekh/Documents/barnes-assets/karluu/favicons/icon-192.png,,13180,12.9,,https://daniilterekh-prog.github.io/barnes-assets/karluu/icon-192.png,final_url_ready,mime=image/png
icon,/Users/ritaterekh/Documents/barnes-assets/karluu/favicons/icon-512.png,,58400,57.0,,https://daniilterekh-prog.github.io/barnes-assets/karluu/icon-512.png,final_url_ready,mime=image/png
source_only,/Users/ritaterekh/Documents/barnes-assets/karluu/karluu-airport.webp,,174882,170.8,,https://daniilterekh-prog.github.io/barnes-assets/karluu/karluu-airport.webp,final_url_ready,mime=image/webp
source_only,/Users/ritaterekh/Documents/barnes-assets/karluu/karluu-architecture-facades.webp,,251222,245.3,,https://daniilterekh-prog.github.io/barnes-assets/karluu/karluu-architecture-facades.webp,final_url_ready,mime=image/webp
source_only,/Users/ritaterekh/Documents/barnes-assets/karluu/karluu-architecture-mice.webp,,108516,106.0,,https://daniilterekh-prog.github.io/barnes-assets/karluu/karluu-architecture-mice.webp,final_url_ready,mime=image/webp
source_only,/Users/ritaterekh/Documents/barnes-assets/karluu/karluu-architecture-restaurant.webp,,103628,101.2,,https://daniilterekh-prog.github.io/barnes-assets/karluu/karluu-architecture-restaurant.webp,final_url_ready,mime=image/webp
source_only,/Users/ritaterekh/Documents/barnes-assets/karluu/karluu-architecture-spa.webp,,157950,154.2,,https://daniilterekh-prog.github.io/barnes-assets/karluu/karluu-architecture-spa.webp,final_url_ready,mime=image/webp
source_only,/Users/ritaterekh/Documents/barnes-assets/karluu/karluu-courtyard.png,,6765889,6607.3,,https://daniilterekh-prog.github.io/barnes-assets/karluu/karluu-courtyard.png,final_url_ready_size_warning,mime=image/png
source_only,/Users/ritaterekh/Documents/barnes-assets/karluu/karluu-courtyard.webp,,189844,185.4,,https://daniilterekh-prog.github.io/barnes-assets/karluu/karluu-courtyard.webp,final_url_ready,mime=image/webp
source_only,/Users/ritaterekh/Documents/barnes-assets/karluu/karluu-demand-sources.webp,,135856,132.7,,https://daniilterekh-prog.github.io/barnes-assets/karluu/karluu-demand-sources.webp,final_url_ready,mime=image/webp
source_only,/Users/ritaterekh/Documents/barnes-assets/karluu/karluu-facts.png,,2088223,2039.3,,https://daniilterekh-prog.github.io/barnes-assets/karluu/karluu-facts.png,final_url_ready_size_warning,mime=image/png
source_only,/Users/ritaterekh/Documents/barnes-assets/karluu/karluu-facts.webp,,55900,54.6,,https://daniilterekh-prog.github.io/barnes-assets/karluu/karluu-facts.webp,final_url_ready,mime=image/webp
source_only,/Users/ritaterekh/Documents/barnes-assets/karluu/karluu-hotel-anchor.webp,,215756,210.7,,https://daniilterekh-prog.github.io/barnes-assets/karluu/karluu-hotel-anchor.webp,final_url_ready,mime=image/webp
source_only,/Users/ritaterekh/Documents/barnes-assets/karluu/karluu-hotel-line.png,,3365888,3287.0,,https://daniilterekh-prog.github.io/barnes-assets/karluu/karluu-hotel-line.png,final_url_ready_size_warning,mime=image/png
source_only,/Users/ritaterekh/Documents/barnes-assets/karluu/karluu-hotel-line.webp,,68102,66.5,,https://daniilterekh-prog.github.io/barnes-assets/karluu/karluu-hotel-line.webp,final_url_ready,mime=image/webp
source_only,/Users/ritaterekh/Documents/barnes-assets/karluu/karluu-infrastructure-aerial.webp,,272930,266.5,,https://daniilterekh-prog.github.io/barnes-assets/karluu/karluu-infrastructure-aerial.webp,final_url_ready,mime=image/webp
source_only,/Users/ritaterekh/Documents/barnes-assets/karluu/karluu-infrastructure-inside.webp,,219672,214.5,,https://daniilterekh-prog.github.io/barnes-assets/karluu/karluu-infrastructure-inside.webp,final_url_ready,mime=image/webp
map,/Users/ritaterekh/Documents/barnes-assets/karluu/karluu-location-map-dark.webp,,262846,256.7,,https://daniilterekh-prog.github.io/barnes-assets/karluu/karluu-location-map-dark.webp,final_url_ready,mime=image/webp
source_only,/Users/ritaterekh/Documents/barnes-assets/karluu/karluu-location-official-crop-clean.webp,,144824,141.4,,https://daniilterekh-prog.github.io/barnes-assets/karluu/karluu-location-official-crop-clean.webp,final_url_ready,mime=image/webp
source_only,/Users/ritaterekh/Documents/barnes-assets/karluu/karluu-lots-structure.webp,,259242,253.2,,https://daniilterekh-prog.github.io/barnes-assets/karluu/karluu-lots-structure.webp,final_url_ready,mime=image/webp
source_only,/Users/ritaterekh/Documents/barnes-assets/karluu/karluu-masterplan.png,,12546867,12252.8,,https://daniilterekh-prog.github.io/barnes-assets/karluu/karluu-masterplan.png,final_url_ready_size_warning,mime=image/png
source_only,/Users/ritaterekh/Documents/barnes-assets/karluu/karluu-masterplan.webp,,166724,162.8,,https://daniilterekh-prog.github.io/barnes-assets/karluu/karluu-masterplan.webp,final_url_ready,mime=image/webp
source_only,/Users/ritaterekh/Documents/barnes-assets/karluu/karluu-materials.png,,4027777,3933.4,,https://daniilterekh-prog.github.io/barnes-assets/karluu/karluu-materials.png,final_url_ready_size_warning,mime=image/png
source_only,/Users/ritaterekh/Documents/barnes-assets/karluu/karluu-materials.webp,,79562,77.7,,https://daniilterekh-prog.github.io/barnes-assets/karluu/karluu-materials.webp,final_url_ready,mime=image/webp
source_only,/Users/ritaterekh/Documents/barnes-assets/karluu/karluu-mice.png,,2669663,2607.1,,https://daniilterekh-prog.github.io/barnes-assets/karluu/karluu-mice.png,final_url_ready_size_warning,mime=image/png
source_only,/Users/ritaterekh/Documents/barnes-assets/karluu/karluu-mice.webp,,62734,61.3,,https://daniilterekh-prog.github.io/barnes-assets/karluu/karluu-mice.webp,final_url_ready,mime=image/webp
source_only,/Users/ritaterekh/Documents/barnes-assets/karluu/karluu-retail-line.png,,6336620,6188.1,,https://daniilterekh-prog.github.io/barnes-assets/karluu/karluu-retail-line.png,final_url_ready_size_warning,mime=image/png
source_only,/Users/ritaterekh/Documents/barnes-assets/karluu/karluu-retail-line.webp,,151146,147.6,,https://daniilterekh-prog.github.io/barnes-assets/karluu/karluu-retail-line.webp,final_url_ready,mime=image/webp
source_only,/Users/ritaterekh/Documents/barnes-assets/karluu/karluu-season-autumn-fishing.webp,,162702,158.9,,https://daniilterekh-prog.github.io/barnes-assets/karluu/karluu-season-autumn-fishing.webp,final_url_ready,mime=image/webp
source_only,/Users/ritaterekh/Documents/barnes-assets/karluu/karluu-season-spring-spa.webp,,158318,154.6,,https://daniilterekh-prog.github.io/barnes-assets/karluu/karluu-season-spring-spa.webp,final_url_ready,mime=image/webp
source_only,/Users/ritaterekh/Documents/barnes-assets/karluu/karluu-season-summer-mountains.webp,,252472,246.6,,https://daniilterekh-prog.github.io/barnes-assets/karluu/karluu-season-summer-mountains.webp,final_url_ready,mime=image/webp
hero,/Users/ritaterekh/Documents/barnes-assets/karluu/karluu-season-winter-manzherok.webp,,290916,284.1,,https://daniilterekh-prog.github.io/barnes-assets/karluu/karluu-season-winter-manzherok.webp,final_url_ready,mime=image/webp
source_only,/Users/ritaterekh/Documents/barnes-assets/karluu/karluu-suite.png,,5653093,5520.6,,https://daniilterekh-prog.github.io/barnes-assets/karluu/karluu-suite.png,final_url_ready_size_warning,mime=image/png
source_only,/Users/ritaterekh/Documents/barnes-assets/karluu/karluu-suite.webp,,88916,86.8,,https://daniilterekh-prog.github.io/barnes-assets/karluu/karluu-suite.webp,final_url_ready,mime=image/webp
logo,/Users/ritaterekh/Documents/barnes-assets/karluu/logo-barnes-international.svg,,890,0.9,,https://daniilterekh-prog.github.io/barnes-assets/karluu/logo-barnes-international.svg,final_url_ready,mime=image/svg+xml
logo,/Users/ritaterekh/Documents/barnes-assets/karluu/max-logo.svg,,1473,1.4,,https://daniilterekh-prog.github.io/barnes-assets/karluu/max-logo.svg,final_url_ready,mime=image/svg+xml
source_only,/Users/ritaterekh/Documents/barnes-assets/karluu/plans/property_694.svg,,193537,189.0,,https://daniilterekh-prog.github.io/barnes-assets/karluu/plans/property_694.svg,final_url_ready,mime=image/svg+xml
source_only,/Users/ritaterekh/Documents/barnes-assets/karluu/plans/property_697.svg,,219598,214.5,,https://daniilterekh-prog.github.io/barnes-assets/karluu/plans/property_697.svg,final_url_ready,mime=image/svg+xml
source_only,/Users/ritaterekh/Documents/barnes-assets/karluu/plans/property_699.svg,,218689,213.6,,https://daniilterekh-prog.github.io/barnes-assets/karluu/plans/property_699.svg,final_url_ready,mime=image/svg+xml
source_only,/Users/ritaterekh/Documents/barnes-assets/karluu/plans/property_701.svg,,217654,212.6,,https://daniilterekh-prog.github.io/barnes-assets/karluu/plans/property_701.svg,final_url_ready,mime=image/svg+xml
source_only,/Users/ritaterekh/Documents/barnes-assets/karluu/plans/property_704.svg,,290346,283.5,,https://daniilterekh-prog.github.io/barnes-assets/karluu/plans/property_704.svg,final_url_ready,mime=image/svg+xml
source_only,/Users/ritaterekh/Documents/barnes-assets/karluu/plans/property_708.svg,,242148,236.5,,https://daniilterekh-prog.github.io/barnes-assets/karluu/plans/property_708.svg,final_url_ready,mime=image/svg+xml
source_only,/Users/ritaterekh/Documents/barnes-assets/karluu/plans/property_710.svg,,243310,237.6,,https://daniilterekh-prog.github.io/barnes-assets/karluu/plans/property_710.svg,final_url_ready,mime=image/svg+xml
source_only,/Users/ritaterekh/Documents/barnes-assets/karluu/plans/property_713.svg,,285144,278.5,,https://daniilterekh-prog.github.io/barnes-assets/karluu/plans/property_713.svg,final_url_ready,mime=image/svg+xml
source_only,/Users/ritaterekh/Documents/barnes-assets/karluu/plans/property_714.svg,,255018,249.0,,https://daniilterekh-prog.github.io/barnes-assets/karluu/plans/property_714.svg,final_url_ready,mime=image/svg+xml
source_only,/Users/ritaterekh/Documents/barnes-assets/karluu/plans/property_717.svg,,220003,214.8,,https://daniilterekh-prog.github.io/barnes-assets/karluu/plans/property_717.svg,final_url_ready,mime=image/svg+xml
source_only,/Users/ritaterekh/Documents/barnes-assets/karluu/plans/property_719.svg,,220115,215.0,,https://daniilterekh-prog.github.io/barnes-assets/karluu/plans/property_719.svg,final_url_ready,mime=image/svg+xml
source_only,/Users/ritaterekh/Documents/barnes-assets/karluu/plans/property_721.svg,,220131,215.0,,https://daniilterekh-prog.github.io/barnes-assets/karluu/plans/property_721.svg,final_url_ready,mime=image/svg+xml
source_only,/Users/ritaterekh/Documents/barnes-assets/karluu/plans/property_725.svg,,213303,208.3,,https://daniilterekh-prog.github.io/barnes-assets/karluu/plans/property_725.svg,final_url_ready,mime=image/svg+xml
source_only,/Users/ritaterekh/Documents/barnes-assets/karluu/plans/property_726.svg,,288328,281.6,,https://daniilterekh-prog.github.io/barnes-assets/karluu/plans/property_726.svg,final_url_ready,mime=image/svg+xml
source_only,/Users/ritaterekh/Documents/barnes-assets/karluu/plans/property_732.svg,,212279,207.3,,https://daniilterekh-prog.github.io/barnes-assets/karluu/plans/property_732.svg,final_url_ready,mime=image/svg+xml
source_only,/Users/ritaterekh/Documents/barnes-assets/karluu/plans/property_733.svg,,242527,236.8,,https://daniilterekh-prog.github.io/barnes-assets/karluu/plans/property_733.svg,final_url_ready,mime=image/svg+xml
source_only,/Users/ritaterekh/Documents/barnes-assets/karluu/plans/property_739.svg,,255135,249.2,,https://daniilterekh-prog.github.io/barnes-assets/karluu/plans/property_739.svg,final_url_ready,mime=image/svg+xml
source_only,/Users/ritaterekh/Documents/barnes-assets/karluu/plans/property_743.svg,,210313,205.4,,https://daniilterekh-prog.github.io/barnes-assets/karluu/plans/property_743.svg,final_url_ready,mime=image/svg+xml
source_only,/Users/ritaterekh/Documents/barnes-assets/karluu/plans/property_745.svg,,168210,164.3,,https://daniilterekh-prog.github.io/barnes-assets/karluu/plans/property_745.svg,final_url_ready,mime=image/svg+xml
source_only,/Users/ritaterekh/Documents/barnes-assets/karluu/plans/property_746.svg,,206227,201.4,,https://daniilterekh-prog.github.io/barnes-assets/karluu/plans/property_746.svg,final_url_ready,mime=image/svg+xml
source_only,/Users/ritaterekh/Documents/barnes-assets/karluu/plans/property_749.svg,,288581,281.8,,https://daniilterekh-prog.github.io/barnes-assets/karluu/plans/property_749.svg,final_url_ready,mime=image/svg+xml
source_only,/Users/ritaterekh/Documents/barnes-assets/karluu/plans/property_750.svg,,202959,198.2,,https://daniilterekh-prog.github.io/barnes-assets/karluu/plans/property_750.svg,final_url_ready,mime=image/svg+xml
source_only,/Users/ritaterekh/Documents/barnes-assets/karluu/plans/property_756.svg,,211182,206.2,,https://daniilterekh-prog.github.io/barnes-assets/karluu/plans/property_756.svg,final_url_ready,mime=image/svg+xml
source_only,/Users/ritaterekh/Documents/barnes-assets/karluu/plans/property_760.svg,,219488,214.3,,https://daniilterekh-prog.github.io/barnes-assets/karluu/plans/property_760.svg,final_url_ready,mime=image/svg+xml
source_only,/Users/ritaterekh/Documents/barnes-assets/karluu/plans/property_762.svg,,193902,189.4,,https://daniilterekh-prog.github.io/barnes-assets/karluu/plans/property_762.svg,final_url_ready,mime=image/svg+xml
source_only,/Users/ritaterekh/Documents/barnes-assets/karluu/plans/property_763.svg,,219682,214.5,,https://daniilterekh-prog.github.io/barnes-assets/karluu/plans/property_763.svg,final_url_ready,mime=image/svg+xml
source_only,/Users/ritaterekh/Documents/barnes-assets/karluu/plans/property_765.svg,,193824,189.3,,https://daniilterekh-prog.github.io/barnes-assets/karluu/plans/property_765.svg,final_url_ready,mime=image/svg+xml
source_only,/Users/ritaterekh/Documents/barnes-assets/karluu/plans/property_766.svg,,216470,211.4,,https://daniilterekh-prog.github.io/barnes-assets/karluu/plans/property_766.svg,final_url_ready,mime=image/svg+xml
source_only,/Users/ritaterekh/Documents/barnes-assets/karluu/plans/property_771.svg,,290516,283.7,,https://daniilterekh-prog.github.io/barnes-assets/karluu/plans/property_771.svg,final_url_ready,mime=image/svg+xml
source_only,/Users/ritaterekh/Documents/barnes-assets/karluu/plans/property_774.svg,,288449,281.7,,https://daniilterekh-prog.github.io/barnes-assets/karluu/plans/property_774.svg,final_url_ready,mime=image/svg+xml
source_only,/Users/ritaterekh/Documents/barnes-assets/karluu/plans/property_778.svg,,213945,208.9,,https://daniilterekh-prog.github.io/barnes-assets/karluu/plans/property_778.svg,final_url_ready,mime=image/svg+xml
source_only,/Users/ritaterekh/Documents/barnes-assets/karluu/plans/property_780.svg,,251856,246.0,,https://daniilterekh-prog.github.io/barnes-assets/karluu/plans/property_780.svg,final_url_ready,mime=image/svg+xml
source_only,/Users/ritaterekh/Documents/barnes-assets/karluu/plans/property_782.svg,,219877,214.7,,https://daniilterekh-prog.github.io/barnes-assets/karluu/plans/property_782.svg,final_url_ready,mime=image/svg+xml
source_only,/Users/ritaterekh/Documents/barnes-assets/karluu/plans/property_783.svg,,220126,215.0,,https://daniilterekh-prog.github.io/barnes-assets/karluu/plans/property_783.svg,final_url_ready,mime=image/svg+xml
source_only,/Users/ritaterekh/Documents/barnes-assets/karluu/plans/property_785.svg,,251253,245.4,,https://daniilterekh-prog.github.io/barnes-assets/karluu/plans/property_785.svg,final_url_ready,mime=image/svg+xml
source_only,/Users/ritaterekh/Documents/barnes-assets/karluu/plans/property_786.svg,,220339,215.2,,https://daniilterekh-prog.github.io/barnes-assets/karluu/plans/property_786.svg,final_url_ready,mime=image/svg+xml
source_only,/Users/ritaterekh/Documents/barnes-assets/karluu/plans/property_787.svg,,211495,206.5,,https://daniilterekh-prog.github.io/barnes-assets/karluu/plans/property_787.svg,final_url_ready,mime=image/svg+xml
source_only,/Users/ritaterekh/Documents/barnes-assets/karluu/plans/property_792.svg,,286180,279.5,,https://daniilterekh-prog.github.io/barnes-assets/karluu/plans/property_792.svg,final_url_ready,mime=image/svg+xml
source_only,/Users/ritaterekh/Documents/barnes-assets/karluu/plans/property_796.svg,,240884,235.2,,https://daniilterekh-prog.github.io/barnes-assets/karluu/plans/property_796.svg,final_url_ready,mime=image/svg+xml
source_only,/Users/ritaterekh/Documents/barnes-assets/karluu/plans/property_797.svg,,210504,205.6,,https://daniilterekh-prog.github.io/barnes-assets/karluu/plans/property_797.svg,final_url_ready,mime=image/svg+xml
source_only,/Users/ritaterekh/Documents/barnes-assets/karluu/plans/property_803.svg,,255300,249.3,,https://daniilterekh-prog.github.io/barnes-assets/karluu/plans/property_803.svg,final_url_ready,mime=image/svg+xml
source_only,/Users/ritaterekh/Documents/barnes-assets/karluu/plans/property_805.svg,,201989,197.3,,https://daniilterekh-prog.github.io/barnes-assets/karluu/plans/property_805.svg,final_url_ready,mime=image/svg+xml
source_only,/Users/ritaterekh/Documents/barnes-assets/karluu/plans/property_806.svg,,254949,249.0,,https://daniilterekh-prog.github.io/barnes-assets/karluu/plans/property_806.svg,final_url_ready,mime=image/svg+xml
source_only,/Users/ritaterekh/Documents/barnes-assets/karluu/plans/property_807.svg,,255489,249.5,,https://daniilterekh-prog.github.io/barnes-assets/karluu/plans/property_807.svg,final_url_ready,mime=image/svg+xml
source_only,/Users/ritaterekh/Documents/barnes-assets/karluu/plans/property_809.svg,,203825,199.0,,https://daniilterekh-prog.github.io/barnes-assets/karluu/plans/property_809.svg,final_url_ready,mime=image/svg+xml
source_only,/Users/ritaterekh/Documents/barnes-assets/karluu/plans/property_813.svg,,196090,191.5,,https://daniilterekh-prog.github.io/barnes-assets/karluu/plans/property_813.svg,final_url_ready,mime=image/svg+xml
source_only,/Users/ritaterekh/Documents/barnes-assets/karluu/plans/property_816.svg,,205199,200.4,,https://daniilterekh-prog.github.io/barnes-assets/karluu/plans/property_816.svg,final_url_ready,mime=image/svg+xml
source_only,/Users/ritaterekh/Documents/barnes-assets/karluu/plans/property_818.svg,,281861,275.3,,https://daniilterekh-prog.github.io/barnes-assets/karluu/plans/property_818.svg,final_url_ready,mime=image/svg+xml
